url,dismissed_on
https://job-boards.greenhouse.io/systemstechnologyresearch/jobs/4680233006?gh_src=my.greenhouse.search,2026-05-09
https://job-boards.greenhouse.io/grvty/jobs/4243996009?gh_src=my.greenhouse.search,2026-05-09
https://job-boards.greenhouse.io/systemstechnologyresearch/jobs/4679949006?gh_src=my.greenhouse.search,2026-05-09
https://job-boards.greenhouse.io/systemstechnologyresearch/jobs/4680232006?gh_src=my.greenhouse.search,2026-05-09
https://job-boards.greenhouse.io/grvty/jobs/4242649009?gh_src=my.greenhouse.search,2026-05-09
https://job-boards.greenhouse.io/grvty/jobs/4242645009?gh_src=my.greenhouse.search,2026-05-09
https://job-boards.greenhouse.io/renaissancelearning-nam/jobs/5205535008?gh_src=my.greenhouse.search,2026-05-09
https://job-boards.greenhouse.io/recordedfuture/jobs/8539448002?gh_src=my.greenhouse.search,2026-05-09
https://job-boards.greenhouse.io/strategichr/jobs/7727372003?gh_src=my.greenhouse.search,2026-05-09
https://job-boards.greenhouse.io/clarityinnovates/jobs/5131862007?gh_src=my.greenhouse.search,2026-05-09
https://job-boards.greenhouse.io/systemstechnologyresearch/jobs/4680231006?gh_src=my.greenhouse.search,2026-05-09
https://job-boards.greenhouse.io/systemstechnologyresearch/jobs/4679956006?gh_src=my.greenhouse.search,2026-05-09
https://job-boards.greenhouse.io/systemstechnologyresearch/jobs/4680230006?gh_src=my.greenhouse.search,2026-05-09
https://job-boards.greenhouse.io/amplitude/jobs/8541791002?gh_src=my.greenhouse.search,2026-05-09
https://job-boards.greenhouse.io/amplitude/jobs/8541649002?gh_src=my.greenhouse.search,2026-05-09
https://job-boards.greenhouse.io/twosixtechnologies/jobs/5990878004?gh_src=my.greenhouse.search,2026-05-09
https://job-boards.greenhouse.io/straightarrownews/jobs/4241674009?gh_src=my.greenhouse.search,2026-05-09
https://job-boards.greenhouse.io/clarishealth62/jobs/4242719009?gh_src=my.greenhouse.search,2026-05-09
https://job-boards.greenhouse.io/mntn/jobs/7895228?gh_src=my.greenhouse.search,2026-05-09
https://job-boards.greenhouse.io/tebra/jobs/4689944005?gh_src=my.greenhouse.search,2026-05-09
https://job-boards.greenhouse.io/flowcode/jobs/4692456005?gh_src=my.greenhouse.search,2026-05-09
https://job-boards.greenhouse.io/urbansky/jobs/4243581009?gh_src=my.greenhouse.search,2026-05-09
https://careers.empowerpharmacy.com/jobs/4243086009?gh_jid=4243086009&gh_src=my.greenhouse.search,2026-05-09
https://www.epirusinc.com/open-roles?gh_jid=5988688004&gh_src=my.greenhouse.search,2026-05-09
https://careers.formlabs.com/job/7909577/apply/?gh_jid=7909577&gh_src=my.greenhouse.search,2026-05-09
https://job-boards.greenhouse.io/udt_group/jobs/5132909007?gh_src=my.greenhouse.search,2026-05-09
https://job-boards.greenhouse.io/mcghealth/jobs/8519952002?gh_src=my.greenhouse.search,2026-05-09
https://www.camus.energy/careers/job-openings?gh_jid=5990198004&gh_src=my.greenhouse.search,2026-05-09
https://job-boards.greenhouse.io/muonspace/jobs/5133511007?gh_src=my.greenhouse.search,2026-05-09
https://job-boards.greenhouse.io/kepora/jobs/4240747009?gh_src=my.greenhouse.search,2026-05-09
https://job-boards.greenhouse.io/quaise/jobs/4238298009?gh_src=my.greenhouse.search,2026-05-09
https://job-boards.greenhouse.io/freestonecapitalmanagement/jobs/5210492008?gh_src=my.greenhouse.search,2026-05-09
https://job-boards.greenhouse.io/arizeai/jobs/5987435004?gh_src=my.greenhouse.search,2026-05-09
https://job-boards.greenhouse.io/linque/jobs/5988056004?gh_src=my.greenhouse.search,2026-05-09
https://job-boards.greenhouse.io/nttdatausa/jobs/8534503002?gh_src=my.greenhouse.search,2026-05-09
https://m1technology.com/careers?gh_jid=4239827009&gh_src=my.greenhouse.search,2026-05-09
https://job-boards.greenhouse.io/genscript/jobs/5130925007?gh_src=my.greenhouse.search,2026-05-09
https://job-boards.greenhouse.io/genscript/jobs/5130932007?gh_src=my.greenhouse.search,2026-05-09
https://job-boards.greenhouse.io/cargomatic/jobs/5207803008?gh_src=my.greenhouse.search,2026-05-09
https://job-boards.greenhouse.io/life360/jobs/8542164002?gh_src=my.greenhouse.search,2026-05-09
https://job-boards.greenhouse.io/fireworksai/jobs/4236670009?gh_src=my.greenhouse.search,2026-05-09
https://job-boards.greenhouse.io/successacademycharterschool/jobs/5212041008?gh_src=my.greenhouse.search,2026-05-09
https://job-boards.greenhouse.io/verse/jobs/5212990008?gh_src=my.greenhouse.search,2026-05-09
https://job-boards.greenhouse.io/grvty/jobs/4242693009?gh_src=my.greenhouse.search,2026-05-09
https://job-boards.greenhouse.io/m9solutions/jobs/5129484007?gh_src=my.greenhouse.search,2026-05-09
https://job-boards.greenhouse.io/m9solutions/jobs/5129483007?gh_src=my.greenhouse.search,2026-05-09
https://point.com/hiring?gh_jid=8540396002&gh_src=my.greenhouse.search,2026-05-09
https://www.redventures.com/careers/positions/open?gh_jid=7908428&gh_src=my.greenhouse.search,2026-05-09
https://job-boards.greenhouse.io/amplitude/jobs/8541697002?gh_src=my.greenhouse.search,2026-05-09
https://www.crunchtime.com/open-positions?gh_jid=5989663004&gh_src=my.greenhouse.search,2026-05-09
https://www.jahnelgroup.com/apply.html?gh_jid=5130349007&gh_src=my.greenhouse.search,2026-05-09
https://job-boards.greenhouse.io/kepora/jobs/4240743009?gh_src=my.greenhouse.search,2026-05-09
https://getfwd.com/careers?gh_jid=5129597007&gh_src=my.greenhouse.search,2026-05-09
https://job-boards.greenhouse.io/renttherunway/jobs/7904497?gh_src=my.greenhouse.search,2026-05-09
https://job-boards.greenhouse.io/aevexaerospace/jobs/5213840008?gh_src=my.greenhouse.search,2026-05-09
https://job-boards.greenhouse.io/perscholashires/jobs/4678530006?gh_src=my.greenhouse.search,2026-05-09
https://job-boards.greenhouse.io/onetrust/jobs/7816096?gh_src=my.greenhouse.search,2026-05-09
https://navan.com/careers/openings?gh_jid=7858022&gh_src=my.greenhouse.search,2026-05-09
https://www.smxtech.com/careers/?gh_jid=7726789003&gh_src=my.greenhouse.search,2026-05-09
https://study.com/pages/jobApplication.html/?gh_jid=5209129008&gh_src=my.greenhouse.search,2026-05-09
https://job-boards.greenhouse.io/lgelectronics/jobs/5205396008?gh_src=my.greenhouse.search,2026-05-09
https://job-boards.greenhouse.io/northmarq/jobs/5214680008?gh_src=my.greenhouse.search,2026-05-09
https://job-boards.greenhouse.io/constantcontact/jobs/7902389?gh_src=my.greenhouse.search,2026-05-09
https://motional.com/open-positions/?gh_jid=7727295003&gh_src=my.greenhouse.search#/7727295003,2026-05-09
https://job-boards.greenhouse.io/nerostechnologies/jobs/5130021007?gh_src=my.greenhouse.search,2026-05-09
https://job-boards.greenhouse.io/altentechnologyusa/jobs/5126464007?gh_src=my.greenhouse.search,2026-05-09
https://job-boards.greenhouse.io/dragos/jobs/5188545008?gh_src=my.greenhouse.search,2026-05-09
https://job-boards.greenhouse.io/impiricus/jobs/5206315008?gh_src=my.greenhouse.search,2026-05-09
https://job-boards.greenhouse.io/fortrobotics/jobs/4693394005?gh_src=my.greenhouse.search,2026-05-09
https://togetherwork.com/application/?gh_jid=8533687002&gh_src=my.greenhouse.search,2026-05-09
https://job-boards.greenhouse.io/systemstechnologyresearch/jobs/4679083006?gh_src=my.greenhouse.search,2026-05-09
https://job-boards.greenhouse.io/financialtechnologypartners/jobs/8535618002?gh_src=my.greenhouse.search,2026-05-09
https://job-boards.greenhouse.io/sidecarhealth/jobs/5990177004?gh_src=my.greenhouse.search,2026-05-09
https://job-boards.greenhouse.io/pinwheelapi/jobs/7725301003?gh_src=my.greenhouse.search,2026-05-09
https://job-boards.greenhouse.io/heartflowinc/jobs/5988069004?gh_src=my.greenhouse.search,2026-05-09
https://job-boards.greenhouse.io/granum/jobs/8535128002?gh_src=my.greenhouse.search,2026-05-09
https://job-boards.greenhouse.io/zetaglobal/jobs/5987946004?gh_src=my.greenhouse.search,2026-05-09
https://job-boards.greenhouse.io/heartflowinc/jobs/5988048004?gh_src=my.greenhouse.search,2026-05-09
https://job-boards.greenhouse.io/babylist/jobs/5987289004?gh_src=my.greenhouse.search,2026-05-09
https://job-boards.greenhouse.io/twinhealth/jobs/5986423004?gh_src=my.greenhouse.search,2026-05-09
https://artisight.com/positions/?gh_jid=4239245009&gh_src=my.greenhouse.search,2026-05-09
https://job-boards.greenhouse.io/nabis/jobs/5992077004?gh_src=my.greenhouse.search,2026-05-09
https://job-boards.greenhouse.io/aevexaerospace/jobs/5213844008?gh_src=my.greenhouse.search,2026-05-09
https://job-boards.greenhouse.io/simtrabps/jobs/5037812007?gh_src=my.greenhouse.search,2026-05-09
https://job-boards.greenhouse.io/arenaclub/jobs/4241815009?gh_src=my.greenhouse.search,2026-05-09
https://job-boards.greenhouse.io/bpcs/jobs/7905280?gh_src=my.greenhouse.search,2026-05-09
https://www.webershandwick.com/work-at-weber/careers/?gh_jid=8523210002&gh_src=my.greenhouse.search,2026-05-09
https://job-boards.greenhouse.io/impiricus/jobs/5214167008?gh_src=my.greenhouse.search,2026-05-09
https://job-boards.greenhouse.io/appian/jobs/7908503?gh_src=my.greenhouse.search,2026-05-09
https://job-boards.greenhouse.io/yipitdatajobs/jobs/7909501?gh_src=my.greenhouse.search,2026-05-09
https://job-boards.greenhouse.io/powerdigitalmarketing/jobs/5133634007?gh_src=my.greenhouse.search,2026-05-09
https://job-boards.greenhouse.io/genevatrading/jobs/5067733007?gh_src=my.greenhouse.search,2026-05-09
https://job-boards.greenhouse.io/neweratech/jobs/8541684002?gh_src=my.greenhouse.search,2026-05-09
https://job-boards.greenhouse.io/genevatrading/jobs/5131657007?gh_src=my.greenhouse.search,2026-05-09
https://www.alchemer.com/jobs?gh_jid=7909166&gh_src=my.greenhouse.search,2026-05-09
https://job-boards.greenhouse.io/endorlabs/jobs/4673206005?gh_src=my.greenhouse.search,2026-05-09
https://job-boards.greenhouse.io/yipitdata/jobs/7858512?gh_src=my.greenhouse.search,2026-05-09
https://job-boards.greenhouse.io/hs/jobs/7908962?gh_src=my.greenhouse.search,2026-05-09
https://www.opendoor.com/careers/open-positions?gh_jid=4679534006&gh_src=my.greenhouse.search,2026-05-09
https://job-boards.greenhouse.io/honeycombinsurance/jobs/4692275005?gh_src=my.greenhouse.search,2026-05-09
https://ast-science.com/company/careers/?gh_jid=4691907005&gh_src=my.greenhouse.search,2026-05-09
https://job-boards.greenhouse.io/realchemistry/jobs/5210553008?gh_src=my.greenhouse.search,2026-05-09
https://job-boards.greenhouse.io/industrialelectricmanufacturing/jobs/4241279009?gh_src=my.greenhouse.search,2026-05-09
https://job-boards.greenhouse.io/defenseunicorns/jobs/5132886007?gh_src=my.greenhouse.search,2026-05-09
https://job-boards.greenhouse.io/rewardsnetwork/jobs/5131875007?gh_src=my.greenhouse.search,2026-05-09
https://boards.greenhouse.io/edreports/jobs/5131752007?gh_jid=5131752007&gh_src=my.greenhouse.search,2026-05-09
https://job-boards.greenhouse.io/mill/jobs/4693447005?gh_src=my.greenhouse.search,2026-05-09
https://job-boards.greenhouse.io/caylent/jobs/5990650004?gh_src=my.greenhouse.search,2026-05-09
https://job-boards.greenhouse.io/eosfitness/jobs/4240392009?gh_src=my.greenhouse.search,2026-05-09
https://boards.greenhouse.io/faire/jobs/8536687002?gh_jid=8536687002&gh_src=my.greenhouse.search,2026-05-09
https://job-boards.greenhouse.io/darkwolfsolutions/jobs/7726533003?gh_src=my.greenhouse.search,2026-05-09
https://job-boards.greenhouse.io/boloai/jobs/4243692009?gh_src=my.greenhouse.search,2026-05-09
https://job-boards.greenhouse.io/arizeai/jobs/5990037004?gh_src=my.greenhouse.search,2026-05-09
https://job-boards.greenhouse.io/togetherai/jobs/5131941007?gh_src=my.greenhouse.search,2026-05-09
https://job-boards.greenhouse.io/bluefishai/jobs/5212649008?gh_src=my.greenhouse.search,2026-05-09
https://cast.ai/careers/apply/?gh_jid=4240856009&gh_src=my.greenhouse.search,2026-05-09
https://job-boards.greenhouse.io/everpass/jobs/8535321002?gh_src=my.greenhouse.search,2026-05-09
https://job-boards.greenhouse.io/lightningai/jobs/7725351003?gh_src=my.greenhouse.search,2026-05-09
https://job-boards.greenhouse.io/radiantsecurity/jobs/5987495004?gh_src=my.greenhouse.search,2026-05-09
https://job-boards.greenhouse.io/radiantsecurity/jobs/5987498004?gh_src=my.greenhouse.search,2026-05-09
https://job-boards.greenhouse.io/florencehealthcare/jobs/4691781005?gh_src=my.greenhouse.search,2026-05-09
https://job-boards.greenhouse.io/sigmacomputing/jobs/7725297003?gh_src=my.greenhouse.search,2026-05-09
https://job-boards.greenhouse.io/sigmacomputing/jobs/7725296003?gh_src=my.greenhouse.search,2026-05-09
https://www.observe.ai/position?gh_jid=5209893008&gh_src=my.greenhouse.search,2026-05-09
https://job-boards.greenhouse.io/sigmacomputing/jobs/7725298003?gh_src=my.greenhouse.search,2026-05-09
https://job-boards.greenhouse.io/morganmorganjobsapplynow/jobs/5988719004?gh_src=my.greenhouse.search,2026-05-09
https://job-boards.greenhouse.io/coherehealth/jobs/7723825003?gh_src=my.greenhouse.search,2026-05-09
https://www.convoso.com/careers/?gh_jid=8540118002&gh_src=my.greenhouse.search#job-listings,2026-05-09
https://mark43.com/list-job/7909267?gh_jid=7909267&gh_src=my.greenhouse.search,2026-05-09
https://cribl.io/job-detail/?gh_jid=5979544004&gh_src=my.greenhouse.search,2026-05-09
https://job-boards.greenhouse.io/natera/jobs/5988089004?gh_src=my.greenhouse.search,2026-05-09
https://job-boards.greenhouse.io/jobsatphamily/jobs/5215197008?gh_src=my.greenhouse.search,2026-05-09
https://job-boards.greenhouse.io/cadencehealth/jobs/4678821006?gh_src=my.greenhouse.search,2026-05-09
https://job-boards.greenhouse.io/laskoproducts/jobs/5126620007?gh_src=my.greenhouse.search,2026-05-09
https://www.hubspot.com/careers/jobs/7684484?gh_jid=7684484&gh_src=my.greenhouse.search,2026-05-09
https://job-boards.greenhouse.io/smithrx/jobs/8490558002?gh_src=my.greenhouse.search,2026-05-09
https://job-boards.greenhouse.io/defcon/jobs/5126767007?gh_src=my.greenhouse.search,2026-05-09
https://job-boards.greenhouse.io/cloudchamberen/jobs/7724135003?gh_src=my.greenhouse.search,2026-05-09
https://job-boards.greenhouse.io/togetherai/jobs/5127080007?gh_src=my.greenhouse.search,2026-05-09
https://job-boards.greenhouse.io/gatherai/jobs/5129108007?gh_src=my.greenhouse.search,2026-05-09
http://www.ifit.com/careers?gh_jid=4239576009&gh_src=my.greenhouse.search,2026-05-09
https://job-boards.greenhouse.io/ennoblecare/jobs/4678833006?gh_src=my.greenhouse.search,2026-05-09
https://job-boards.greenhouse.io/altentechnologyusa/jobs/5130022007?gh_src=my.greenhouse.search,2026-05-09
https://job-boards.greenhouse.io/anaplan/jobs/8536954002?gh_src=my.greenhouse.search,2026-05-09
https://job-boards.greenhouse.io/anaplan/jobs/8536953002?gh_src=my.greenhouse.search,2026-05-09
https://job-boards.greenhouse.io/anaplan/jobs/8533421002?gh_src=my.greenhouse.search,2026-05-09
https://job-boards.greenhouse.io/babylist/jobs/5987585004?gh_src=my.greenhouse.search,2026-05-09
https://job-boards.greenhouse.io/humanagency/jobs/7723498003?gh_src=my.greenhouse.search,2026-05-09
https://job-boards.greenhouse.io/humanagency/jobs/7723496003?gh_src=my.greenhouse.search,2026-05-09
https://job-boards.greenhouse.io/humanagency/jobs/7723494003?gh_src=my.greenhouse.search,2026-05-09
https://job-boards.greenhouse.io/humanagency/jobs/7723492003?gh_src=my.greenhouse.search,2026-05-09
https://job-boards.greenhouse.io/humanagency/jobs/7723490003?gh_src=my.greenhouse.search,2026-05-09
https://job-boards.greenhouse.io/humanagency/jobs/7723489003?gh_src=my.greenhouse.search,2026-05-09
https://job-boards.greenhouse.io/humanagency/jobs/7723485003?gh_src=my.greenhouse.search,2026-05-09
https://job-boards.greenhouse.io/dynetherapeutics/jobs/5988167004?gh_src=my.greenhouse.search,2026-05-09
https://www.charliehealth.com/careers/current-openings?gh_jid=5992166004&gh_src=my.greenhouse.search,2026-05-09
https://job-boards.eu.greenhouse.io/arenaphysica/jobs/4862047101?gh_src=my.greenhouse.search,2026-05-09
https://job-boards.greenhouse.io/engine/jobs/7721478003?gh_src=my.greenhouse.search,2026-05-09
https://job-boards.greenhouse.io/babylist/jobs/5988511004?gh_src=my.greenhouse.search,2026-05-09
https://job-boards.greenhouse.io/cais/jobs/8535801002?gh_src=my.greenhouse.search,2026-05-09
https://www.netskope.com/company/careers/open-positions/?gh_jid=7894975&gh_src=my.greenhouse.search,2026-05-09
https://job-boards.greenhouse.io/babylist/jobs/5988512004?gh_src=my.greenhouse.search,2026-05-09
https://charliehealth.com/careers/epd/current-epd-openings?gh_jid=5992164004&gh_src=my.greenhouse.search,2026-05-09
https://www.sentinelone.com/jobs/7678136003?gh_jid=7678136003&gh_src=my.greenhouse.search,2026-05-09
https://job-boards.greenhouse.io/boloai/jobs/4239129009?gh_src=my.greenhouse.search,2026-05-09
https://job-boards.greenhouse.io/arizeai/jobs/5986448004?gh_src=my.greenhouse.search,2026-05-09
https://job-boards.greenhouse.io/zetaglobal/jobs/5985686004?gh_src=my.greenhouse.search,2026-05-09
https://job-boards.eu.greenhouse.io/prolificacademicltd/jobs/4850498101?gh_src=my.greenhouse.search,2026-05-09
https://job-boards.greenhouse.io/togetherai/jobs/5123203007?gh_src=my.greenhouse.search,2026-05-09
https://job-boards.anz.greenhouse.io/futuresecureai/jobs/4003668201?gh_src=my.greenhouse.search,2026-05-09
https://job-boards.greenhouse.io/rayeitconsulting/jobs/5124197007?gh_src=my.greenhouse.search,2026-05-09
https://www.cmtelematics.com/who-we-are/join-our-team/job-posting/?gh_jid=7909626&gh_src=my.greenhouse.search,2026-05-09
https://ursamajor.com/careers/?gh_jid=4693312005&gh_src=my.greenhouse.search,2026-05-09
https://job-boards.greenhouse.io/grvty/jobs/4240891009?gh_src=my.greenhouse.search,2026-05-09
https://www.asm.com/open-vacancies/?gh_jid=4846042101&gh_src=my.greenhouse.search,2026-05-09
https://job-boards.greenhouse.io/lgelectronics/jobs/5213045008?gh_src=my.greenhouse.search,2026-05-09
https://job-boards.greenhouse.io/lgelectronics/jobs/5213062008?gh_src=my.greenhouse.search,2026-05-09
https://job-boards.greenhouse.io/further/jobs/8540263002?gh_src=my.greenhouse.search,2026-05-09
https://job-boards.greenhouse.io/freedomconsulting/jobs/5131519007?gh_src=my.greenhouse.search,2026-05-09
https://job-boards.greenhouse.io/k2spacecorporation/jobs/5210461008?gh_src=my.greenhouse.search,2026-05-09
https://job-boards.greenhouse.io/truebill/jobs/7713899003?gh_src=my.greenhouse.search,2026-05-09
https://job-boards.greenhouse.io/forthea/jobs/7726663003?gh_src=my.greenhouse.search,2026-05-09
https://job-boards.greenhouse.io/aquaticcapitalmanagement/jobs/8541358002?gh_src=my.greenhouse.search,2026-05-09
https://job-boards.greenhouse.io/kepora/jobs/4240742009?gh_src=my.greenhouse.search,2026-05-09
https://job-boards.greenhouse.io/generalmatter/jobs/5157066008?gh_src=my.greenhouse.search,2026-05-09
https://job-boards.greenhouse.io/ambiententerprises/jobs/5214998008?gh_src=my.greenhouse.search,2026-05-09
https://job-boards.greenhouse.io/piaggiofastforward/jobs/7905651?gh_src=my.greenhouse.search,2026-05-09
https://job-boards.greenhouse.io/calahealth/jobs/5982842004?gh_src=my.greenhouse.search,2026-05-09
https://job-boards.greenhouse.io/babylist/jobs/5987915004?gh_src=my.greenhouse.search,2026-05-09
https://job-boards.greenhouse.io/pairwiseviadelart/jobs/4691920005?gh_src=my.greenhouse.search,2026-05-09
https://coreweave.com/careers/job?4678600006=&board=coreweave&gh_jid=4678600006&gh_src=my.greenhouse.search,2026-05-09
https://job-boards.greenhouse.io/procaresolutions/jobs/5131717008?gh_src=my.greenhouse.search,2026-05-09
https://job-boards.greenhouse.io/conga/jobs/5083684007?gh_src=my.greenhouse.search,2026-05-09
https://job-boards.greenhouse.io/clarityinnovates/jobs/5125081007?gh_src=my.greenhouse.search,2026-05-09
https://job-boards.greenhouse.io/salientmotion/jobs/5211133008?gh_src=my.greenhouse.search,2026-05-09
https://careers.route.com/job-board?gh_jid=7720165003&gh_src=my.greenhouse.search,2026-05-09
https://job-boards.greenhouse.io/chainguard/jobs/4672909006?gh_src=my.greenhouse.search,2026-05-09
https://job-boards.greenhouse.io/queracomputinginc/jobs/5211884008?gh_src=my.greenhouse.search,2026-05-10
https://job-boards.greenhouse.io/earnin/jobs/7908987?gh_src=my.greenhouse.search,2026-05-10
https://job-boards.greenhouse.io/tenableinc/jobs/5214563008?gh_src=my.greenhouse.search,2026-05-10
https://job-boards.greenhouse.io/vannevarlabs/jobs/5131930007?gh_src=my.greenhouse.search,2026-05-10
https://job-boards.greenhouse.io/chainguard/jobs/4672901006?gh_src=my.greenhouse.search,2026-05-10
https://job-boards.greenhouse.io/amplitude/jobs/8541677002?gh_src=my.greenhouse.search,2026-05-10
https://job-boards.greenhouse.io/addepar1/jobs/8539734002?gh_src=my.greenhouse.search,2026-05-10
https://job-boards.greenhouse.io/amplitude/jobs/8542021002?gh_src=my.greenhouse.search,2026-05-10
https://job-boards.greenhouse.io/alarmcom/jobs/8538618002?gh_src=my.greenhouse.search,2026-05-10
https://sofi.com/careers/job/7693700003?gh_jid=7693700003&gh_src=my.greenhouse.search,2026-05-10
https://zoo.dev/jobs/4690543005?gh_jid=4690543005&gh_src=my.greenhouse.search,2026-05-10
https://job-boards.greenhouse.io/straightarrownews/jobs/4233168009?gh_src=my.greenhouse.search,2026-05-10
https://job-boards.greenhouse.io/rocketlab/jobs/7714940003?gh_src=my.greenhouse.search,2026-05-10
https://job-boards.greenhouse.io/thealleninstitute/jobs/7872642?gh_src=my.greenhouse.search,2026-05-10
https://boards.greenhouse.io/lightmatter/jobs/5210439008?gh_jid=5210439008&gh_src=my.greenhouse.search,2026-05-10
https://sofi.com/careers/job/7611030003?gh_jid=7611030003&gh_src=my.greenhouse.search,2026-05-10
https://sofi.com/careers/job/7727874003?gh_jid=7727874003&gh_src=my.greenhouse.search,2026-05-10
https://job-boards.greenhouse.io/censys/jobs/8538086002?gh_src=my.greenhouse.search,2026-05-10
https://job-boards.greenhouse.io/marqeta/jobs/7859782?gh_src=my.greenhouse.search,2026-05-10
https://unity.com/careers/positions/7902188?gh_jid=7902188&gh_src=my.greenhouse.search,2026-05-10
https://boards.greenhouse.io/pathrobotics/jobs/8540826002?gh_jid=8540826002&gh_src=my.greenhouse.search,2026-05-10
https://job-boards.greenhouse.io/sidecarhealth/jobs/5990181004?gh_src=my.greenhouse.search,2026-05-10
https://job-boards.greenhouse.io/sidecarhealth/jobs/5990170004?gh_src=my.greenhouse.search,2026-05-10
https://job-boards.greenhouse.io/cognitiv/jobs/4241810009?gh_src=my.greenhouse.search,2026-05-10
https://www.alloy.com/about/jobs/detail?gh_jid=8538688002&gh_jid=8538688002&gh_src=my.greenhouse.search,2026-05-10
https://job-boards.greenhouse.io/netsage/jobs/5813099003?gh_src=my.greenhouse.search,2026-05-10
https://job-boards.greenhouse.io/chaosindustries/jobs/5129960007?gh_src=my.greenhouse.search,2026-05-10
https://boards.greenhouse.io/lightmatter/jobs/5210441008?gh_jid=5210441008&gh_src=my.greenhouse.search,2026-05-10
https://job-boards.greenhouse.io/zone5technologies/jobs/5214928008?gh_src=my.greenhouse.search,2026-05-10
https://unity.com/careers/positions/7908769?gh_jid=7908769&gh_src=my.greenhouse.search,2026-05-10
https://www.weareroku.com/jobs/7906005?gh_jid=7906005&gh_src=my.greenhouse.search,2026-05-10
https://job-boards.greenhouse.io/itd/jobs/4244218009?gh_src=my.greenhouse.search,2026-05-10
https://job-boards.greenhouse.io/didi/jobs/7906174?gh_src=my.greenhouse.search,2026-05-10
https://job-boards.greenhouse.io/kodiak/jobs/4243323009?gh_src=my.greenhouse.search,2026-05-10
https://job-boards.greenhouse.io/spacekinetic/jobs/5209269008?gh_src=my.greenhouse.search,2026-05-10
https://job-boards.greenhouse.io/flowcode/jobs/4692468005?gh_src=my.greenhouse.search,2026-05-10
https://job-boards.greenhouse.io/didi/jobs/7905661?gh_src=my.greenhouse.search,2026-05-10
https://job-boards.greenhouse.io/muonspace/jobs/5132032007?gh_src=my.greenhouse.search,2026-05-10
https://job-boards.greenhouse.io/mill/jobs/4691800005?gh_src=my.greenhouse.search,2026-05-10
https://job-boards.greenhouse.io/clear/jobs/7904350?gh_src=my.greenhouse.search,2026-05-10
https://job-boards.greenhouse.io/amperesand/jobs/4240754009?gh_src=my.greenhouse.search,2026-05-10
https://job-boards.greenhouse.io/vardaspace/jobs/7722335003?gh_src=my.greenhouse.search,2026-05-10
https://job-boards.greenhouse.io/engine/jobs/7723920003?gh_src=my.greenhouse.search,2026-05-10
https://job-boards.greenhouse.io/omadahealth/jobs/7822840?gh_src=my.greenhouse.search,2026-05-10
https://job-boards.greenhouse.io/engine/jobs/7725236003?gh_src=my.greenhouse.search,2026-05-10
https://www.brex.com/careers/8459783002?gh_jid=8459783002&gh_src=my.greenhouse.search,2026-05-10
https://job-boards.greenhouse.io/sovrn/jobs/7872979?gh_src=my.greenhouse.search,2026-05-10
https://www.brex.com/careers/8536424002?gh_jid=8536424002&gh_src=my.greenhouse.search,2026-05-10
https://job-boards.greenhouse.io/marqeta/jobs/7848579?gh_src=my.greenhouse.search,2026-05-10
https://job-boards.greenhouse.io/engine/jobs/7723942003?gh_src=my.greenhouse.search,2026-05-10
https://job-boards.greenhouse.io/astranis/jobs/4680136006?gh_src=my.greenhouse.search,2026-05-10
https://job-boards.greenhouse.io/chaosindustries/jobs/5133505007?gh_src=my.greenhouse.search,2026-05-10
https://job-boards.greenhouse.io/systemstechnologyresearch/jobs/4679933006?gh_src=my.greenhouse.search,2026-05-10
https://job-boards.greenhouse.io/systemstechnologyresearch/jobs/4680226006?gh_src=my.greenhouse.search,2026-05-10
https://job-boards.greenhouse.io/systemstechnologyresearch/jobs/4680229006?gh_src=my.greenhouse.search,2026-05-10
https://cra.com/job-listings/job?gh_jid=7908864&gh_src=my.greenhouse.search,2026-05-10
https://www.rubrik.com/company/careers/departments/job.7891576?gh_jid=7891576&gh_src=my.greenhouse.search,2026-05-10
https://www.dealpath.com/job-post/?gh_jid=7875769&gh_src=my.greenhouse.search,2026-05-10
https://boards.greenhouse.io/morsecorp/jobs/7725517003?gh_jid=7725517003&gh_src=my.greenhouse.search,2026-05-10
https://job-boards.greenhouse.io/systemstechnologyresearch/jobs/4678221006?gh_src=my.greenhouse.search,2026-05-10
https://job-boards.greenhouse.io/straightarrownews/jobs/4240386009?gh_src=my.greenhouse.search,2026-05-10
https://job-boards.greenhouse.io/amplitude/jobs/8542174002?gh_src=my.greenhouse.search,2026-05-10
https://job-boards.greenhouse.io/sonobello/jobs/5214980008?gh_src=my.greenhouse.search,2026-05-10
https://omnicommedia.com/careers/us/omnicom-media-network/?gh_jid=5120347007&gh_src=my.greenhouse.search,2026-05-10
https://triafed.com/jobs/?gh_jid=5212052008&gh_src=my.greenhouse.search,2026-05-10
https://job-boards.greenhouse.io/phasev/jobs/4206725009?gh_src=my.greenhouse.search,2026-05-10
https://www.trexsolutionsllc.com/current-opportunities-at-trex/?gh_jid=8536804002&gh_src=my.greenhouse.search,2026-05-10
https://job-boards.greenhouse.io/rocketlab/jobs/7722445003?gh_src=my.greenhouse.search,2026-05-10
https://job-boards.greenhouse.io/babylist/jobs/5987447004?gh_src=my.greenhouse.search,2026-05-10
https://job-boards.greenhouse.io/engine/jobs/7726524003?gh_src=my.greenhouse.search,2026-05-10
https://boards.greenhouse.io/chime/jobs/8523547002?gh_jid=8523547002&gh_src=my.greenhouse.search,2026-05-10
https://otter.ai/careers?gh_jid=7725393003&gh_src=my.greenhouse.search,2026-05-10
https://www.pindrop.com/careers/job-title/?gh_jid=7737219&gh_src=my.greenhouse.search,2026-05-10
https://job-boards.greenhouse.io/algolia/jobs/5988748004?gh_src=my.greenhouse.search,2026-05-10
https://job-boards.greenhouse.io/icapitalnetwork/jobs/8534824002?gh_src=my.greenhouse.search,2026-05-10
https://job-boards.greenhouse.io/ceribell/jobs/5983689004?gh_src=my.greenhouse.search,2026-05-10
https://job-boards.greenhouse.io/chaosindustries/jobs/5133328007?gh_src=my.greenhouse.search,2026-05-10
https://job-boards.greenhouse.io/systemstechnologyresearch/jobs/4678604006?gh_src=my.greenhouse.search,2026-05-10
https://pluribusdigital.com/join/openings?gh_jid=7724652003&gh_src=my.greenhouse.search,2026-05-10
https://job-boards.greenhouse.io/systemstechnologyresearch/jobs/4678598006?gh_src=my.greenhouse.search,2026-05-10
https://job-boards.greenhouse.io/boxinc/jobs/7895317?gh_src=my.greenhouse.search,2026-05-10
https://job-boards.greenhouse.io/webflow/jobs/7867282?gh_src=my.greenhouse.search,2026-05-10
https://job-boards.greenhouse.io/engine/jobs/7726742003?gh_src=my.greenhouse.search,2026-05-10
https://job-boards.greenhouse.io/redwoodsoftware/jobs/4209667009?gh_src=my.greenhouse.search,2026-05-10
https://www.klaviyo.com/careers/jobs?gh_jid=7708058003&gh_src=my.greenhouse.search,2026-05-10
https://abnormal.ai/careers/jobs/7722484003?gh_jid=7722484003&gh_src=my.greenhouse.search,2026-05-10
http://prizepicks.com/position?gh_jid=7727918003&gh_src=my.greenhouse.search,2026-05-10
https://sofi.com/careers/job/7632139003?gh_jid=7632139003&gh_src=my.greenhouse.search,2026-05-10
https://zwift.com/careers?gh_jid=8536515002&gh_src=my.greenhouse.search,2026-05-10
https://job-boards.greenhouse.io/life360/jobs/8538765002?gh_src=my.greenhouse.search,2026-05-10
https://job-boards.greenhouse.io/torcrobotics/jobs/8516209002?gh_src=my.greenhouse.search,2026-05-10
https://job-boards.greenhouse.io/thealleninstitute/jobs/7872631?gh_src=my.greenhouse.search,2026-05-10
https://job-boards.greenhouse.io/thealleninstitute/jobs/7872683?gh_src=my.greenhouse.search,2026-05-10
https://job-boards.greenhouse.io/rocketlab/jobs/7722430003?gh_src=my.greenhouse.search,2026-05-10
https://job-boards.greenhouse.io/forgeglobal/jobs/5989937004?gh_src=my.greenhouse.search,2026-05-10
https://job-boards.greenhouse.io/forgeglobal/jobs/5989943004?gh_src=my.greenhouse.search,2026-05-10
https://boards.greenhouse.io/corelight/jobs/7871048?gh_jid=7871048&gh_src=my.greenhouse.search,2026-05-10
https://job-boards.greenhouse.io/divergent/jobs/5207177008?gh_src=my.greenhouse.search,2026-05-10
https://job-boards.greenhouse.io/doximity/jobs/7584022?gh_src=my.greenhouse.search,2026-05-10
https://job-boards.greenhouse.io/botauto/jobs/5208126008?gh_src=my.greenhouse.search,2026-05-10
https://job-boards.greenhouse.io/botauto/jobs/5208075008?gh_src=my.greenhouse.search,2026-05-10
https://job-boards.greenhouse.io/foresitelabs/jobs/8533284002?gh_src=my.greenhouse.search,2026-05-10
https://job-boards.greenhouse.io/clear/jobs/7875065?gh_src=my.greenhouse.search,2026-05-10
https://expel.com/about/career-listing/8534383002?gh_jid=8534383002&gh_src=my.greenhouse.search,2026-05-10
https://job-boards.greenhouse.io/engine/jobs/7686881003?gh_src=my.greenhouse.search,2026-05-10
https://job-boards.greenhouse.io/baselayer/jobs/5209290008?gh_src=my.greenhouse.search,2026-05-10
https://job-boards.greenhouse.io/chaosindustries/jobs/5133527007?gh_src=my.greenhouse.search,2026-05-10
https://app.careerpuck.com/job-board/thymecare/job/5988873004?gh_jid=5988873004&gh_src=my.greenhouse.search,2026-05-10
https://job-boards.greenhouse.io/obsidiansecurity/jobs/5213687008?gh_src=my.greenhouse.search,2026-05-10
https://job-boards.greenhouse.io/sixgeninc/jobs/5213039008?gh_src=my.greenhouse.search,2026-05-10
https://job-boards.greenhouse.io/systemstechnologyresearch/jobs/4678631006?gh_src=my.greenhouse.search,2026-05-10
https://careers.empowerpharmacy.com/jobs/4234851009?gh_jid=4234851009&gh_src=my.greenhouse.search,2026-05-10
https://job-boards.greenhouse.io/rewardsnetwork/jobs/5124565007?gh_src=my.greenhouse.search,2026-05-10
https://job-boards.greenhouse.io/attain/jobs/5987001004?gh_src=my.greenhouse.search,2026-05-10
https://job-boards.greenhouse.io/rewardsnetwork/jobs/5124364007?gh_src=my.greenhouse.search,2026-05-10
https://job-boards.greenhouse.io/dragos/jobs/5204052008?gh_src=my.greenhouse.search,2026-05-10
https://job-boards.greenhouse.io/bitgo/jobs/8541106002?gh_src=my.greenhouse.search,2026-05-10
https://boards.greenhouse.io/crossmediainc/jobs/5132700007?gh_jid=5132700007&gh_src=my.greenhouse.search,2026-05-10
https://job-boards.greenhouse.io/justanswer/jobs/8540635002?gh_src=my.greenhouse.search,2026-05-10
https://job-boards.greenhouse.io/verse/jobs/5213007008?gh_src=my.greenhouse.search,2026-05-10
https://walkersands.com/careers?gh_jid=7901788&gh_src=my.greenhouse.search,2026-05-10
https://job-boards.greenhouse.io/upstack/jobs/5211525008?gh_src=my.greenhouse.search,2026-05-10
https://job-boards.greenhouse.io/scoutmotors/jobs/5127808007?gh_src=my.greenhouse.search,2026-05-10
https://job-boards.greenhouse.io/sparksoftcorporation/jobs/5128913007?gh_src=my.greenhouse.search,2026-05-10
https://job-boards.greenhouse.io/conga/jobs/5130433007?gh_src=my.greenhouse.search,2026-05-10
https://www.equipmentshare.com/careers/openings/?gh_jid=7883423&gh_src=my.greenhouse.search,2026-05-10
https://job-boards.greenhouse.io/smithrx/jobs/8539228002?gh_src=my.greenhouse.search,2026-05-10
https://job-boards.greenhouse.io/galaxydigitalservices/jobs/5990869004?gh_src=my.greenhouse.search,2026-05-10
https://job-boards.greenhouse.io/galaxydigitalservices/jobs/5990852004?gh_src=my.greenhouse.search,2026-05-10
https://launchpotato.com/careers-list?gh_jid=5989365004&gh_src=my.greenhouse.search,2026-05-10
https://job-boards.greenhouse.io/engine/jobs/7664315003?gh_src=my.greenhouse.search,2026-05-10
https://job-boards.greenhouse.io/engine/jobs/7704254003?gh_src=my.greenhouse.search,2026-05-10
https://job-boards.greenhouse.io/scorpionenterprisesllc/jobs/5209703008?gh_src=my.greenhouse.search,2026-05-10
https://job-boards.greenhouse.io/dv01/jobs/8534389002?gh_src=my.greenhouse.search,2026-05-10
https://job-boards.greenhouse.io/lusternational/jobs/5207213008?gh_src=my.greenhouse.search,2026-05-10
https://job-boards.greenhouse.io/agecareers/jobs/5212060008?gh_src=my.greenhouse.search,2026-05-10
https://job-boards.greenhouse.io/renaissancelearning-nam/jobs/5178070008?gh_src=my.greenhouse.search,2026-05-10
https://job-boards.greenhouse.io/kepora/jobs/4250600009?gh_src=my.greenhouse.search,2026-05-16
https://akumeninc.com/career/?gh_jid=4247592009&gh_src=my.greenhouse.search,2026-05-16
https://job-boards.greenhouse.io/kepora/jobs/4250598009?gh_src=my.greenhouse.search,2026-05-16
https://job-boards.greenhouse.io/twosixtechnologies/jobs/5988586004?gh_src=my.greenhouse.search,2026-05-16
https://job-boards.greenhouse.io/kepora/jobs/4250599009?gh_src=my.greenhouse.search,2026-05-16
https://job-boards.greenhouse.io/eleviassociates/jobs/7733422003?gh_src=my.greenhouse.search,2026-05-16
https://job-boards.greenhouse.io/ntconcepts/jobs/5994940004?gh_src=my.greenhouse.search,2026-05-16
https://job-boards.greenhouse.io/kepora/jobs/4250586009?gh_src=my.greenhouse.search,2026-05-16
https://job-boards.greenhouse.io/kepora/jobs/4250589009?gh_src=my.greenhouse.search,2026-05-16
https://job-boards.greenhouse.io/kepora/jobs/4250590009?gh_src=my.greenhouse.search,2026-05-16
https://job-boards.greenhouse.io/540/jobs/7735328003?gh_src=my.greenhouse.search,2026-05-16
https://job-boards.greenhouse.io/kepora/jobs/4250592009?gh_src=my.greenhouse.search,2026-05-16
https://job-boards.greenhouse.io/kepora/jobs/4250591009?gh_src=my.greenhouse.search,2026-05-16
https://job-boards.greenhouse.io/kepora/jobs/4250587009?gh_src=my.greenhouse.search,2026-05-16
https://job-boards.greenhouse.io/kepora/jobs/4250593009?gh_src=my.greenhouse.search,2026-05-16
https://job-boards.greenhouse.io/kepora/jobs/4250595009?gh_src=my.greenhouse.search,2026-05-16
https://job-boards.greenhouse.io/adyen/jobs/7919124?gh_src=my.greenhouse.search,2026-05-16
https://job-boards.greenhouse.io/job-openings/jobs/7927281?gh_src=my.greenhouse.search,2026-05-16
https://www.omen.ai/careers?gh_jid=4250567009&gh_src=my.greenhouse.search,2026-05-16
https://job-boards.greenhouse.io/breezeway/jobs/5222431008?gh_src=my.greenhouse.search,2026-05-16
https://job-boards.greenhouse.io/conga/jobs/5068666007?gh_src=my.greenhouse.search,2026-05-16
https://job-boards.greenhouse.io/daymarkhealth/jobs/5222679008?gh_src=my.greenhouse.search,2026-05-16
https://job-boards.greenhouse.io/folxhealth/jobs/5137994007?gh_src=my.greenhouse.search,2026-05-16
https://job-boards.greenhouse.io/obsidiansecurity/jobs/5218401008?gh_src=my.greenhouse.search,2026-05-16
https://boards.greenhouse.io/parallel/jobs/5137372007?gh_jid=5137372007&gh_src=my.greenhouse.search,2026-05-16
https://job-boards.greenhouse.io/recordedfuture/jobs/8548004002?gh_src=my.greenhouse.search,2026-05-16
https://job-boards.greenhouse.io/survata/jobs/8547924002?gh_src=my.greenhouse.search,2026-05-16
https://job-boards.greenhouse.io/pixability/jobs/7921611?gh_src=my.greenhouse.search,2026-05-16
https://job-boards.greenhouse.io/clarityinnovates/jobs/5126762007?gh_src=my.greenhouse.search,2026-05-16
https://job-boards.greenhouse.io/obsidiansecurity/jobs/5218400008?gh_src=my.greenhouse.search,2026-05-16
https://job-boards.greenhouse.io/ironmountainsolutions/jobs/5133873007?gh_src=my.greenhouse.search,2026-05-16
https://job-boards.greenhouse.io/freedomconsulting/jobs/5133938007?gh_src=my.greenhouse.search,2026-05-16
https://job-boards.greenhouse.io/freedomconsulting/jobs/5133942007?gh_src=my.greenhouse.search,2026-05-16
https://job-boards.greenhouse.io/eclinicalsolutions/jobs/5134331007?gh_src=my.greenhouse.search,2026-05-16
https://job-boards.greenhouse.io/netbrain/jobs/5131721007?gh_src=my.greenhouse.search,2026-05-16
https://job-boards.greenhouse.io/qualifieddigital/jobs/5125445008?gh_src=my.greenhouse.search,2026-05-16
https://job-boards.greenhouse.io/capitalrx/jobs/5173574008?gh_src=my.greenhouse.search,2026-05-16
https://job-boards.greenhouse.io/liveperson/jobs/7863204?gh_src=my.greenhouse.search,2026-05-16
https://stokespace.com/careers/current-openings?gh_jid=5992010004&gh_src=my.greenhouse.search,2026-05-16
https://job-boards.greenhouse.io/silananotechnologies/jobs/7908953?gh_src=my.greenhouse.search,2026-05-16
https://job-boards.greenhouse.io/kepora/jobs/4250596009?gh_src=my.greenhouse.search,2026-05-16
https://job-boards.greenhouse.io/9thwayinsignia/jobs/5222572008?gh_src=my.greenhouse.search,2026-05-16
https://job-boards.greenhouse.io/prove/jobs/5994676004?gh_src=my.greenhouse.search,2026-05-16
https://job-boards.greenhouse.io/greenthumbindustries/jobs/7918277?gh_src=my.greenhouse.search,2026-05-16
https://job-boards.greenhouse.io/patientpoint/jobs/4694351005?gh_src=my.greenhouse.search,2026-05-16
https://job-boards.greenhouse.io/kepora/jobs/4250601009?gh_src=my.greenhouse.search,2026-05-16
https://job-boards.greenhouse.io/freedomconsulting/jobs/5133965007?gh_src=my.greenhouse.search,2026-05-16
https://job-boards.greenhouse.io/grvty/jobs/4246164009?gh_src=my.greenhouse.search,2026-05-16
https://job-boards.greenhouse.io/natera/jobs/5977306004?gh_src=my.greenhouse.search,2026-05-16
https://job-boards.greenhouse.io/9thwayinsignia/jobs/5222564008?gh_src=my.greenhouse.search,2026-05-16
https://job-boards.greenhouse.io/kepora/jobs/4250597009?gh_src=my.greenhouse.search,2026-05-17
https://job-boards.greenhouse.io/bluestaq/jobs/4250050009?gh_src=my.greenhouse.search,2026-05-18
https://www.weareroku.com/jobs/7868793?gh_jid=7868793&gh_src=my.greenhouse.search,2026-05-18
https://careers.upstart.com/jobs?gh_jid=7913770&gh_src=my.greenhouse.search,2026-05-18
https://job-boards.greenhouse.io/10beauty/jobs/5138504007?gh_src=my.greenhouse.search,2026-05-18
https://boards.greenhouse.io/rdccareers/jobs/7733494003?gh_jid=7733494003&gh_src=my.greenhouse.search,2026-05-18
https://app.careerpuck.com/job-board/earnest/job/7926350?gh_jid=7926350&gh_src=my.greenhouse.search,2026-05-18
https://job-boards.greenhouse.io/singlestore/jobs/7868658?gh_src=my.greenhouse.search,2026-05-18
https://job-boards.greenhouse.io/trace3/jobs/7930536?gh_src=my.greenhouse.search,2026-05-18
https://job-boards.greenhouse.io/trace3/jobs/7930548?gh_src=my.greenhouse.search,2026-05-18
https://job-boards.greenhouse.io/clear/jobs/7926837?gh_src=my.greenhouse.search,2026-05-18
https://job-boards.greenhouse.io/openeye/jobs/8549022002?gh_src=my.greenhouse.search,2026-05-18
https://job-boards.greenhouse.io/openeye/jobs/8549025002?gh_src=my.greenhouse.search,2026-05-18
https://job-boards.greenhouse.io/bennie/jobs/4695837005?gh_src=my.greenhouse.search,2026-05-18
https://job-boards.greenhouse.io/ensco/jobs/5219423008?gh_src=my.greenhouse.search,2026-05-18
https://job-boards.greenhouse.io/pilothq/jobs/8538921002?gh_src=my.greenhouse.search,2026-05-18
https://job-boards.greenhouse.io/bamboohr17/jobs/5990126004?gh_src=my.greenhouse.search,2026-05-18
https://job-boards.greenhouse.io/lightspeeddms/jobs/5217676008?gh_src=my.greenhouse.search,2026-05-18
https://job-boards.greenhouse.io/trace3/jobs/7922971?gh_src=my.greenhouse.search,2026-05-18
